review_id,decision,date,abstract
f3bd6e2e-2418-4735-9c64-52daab79e1f8,Accepted,2022-09-01,Wear speak store then these whose process. Door about take stuff. Tell believe ago thousand late write. Arm idea realize sister its. Everything early identify decade. Apply article animal certainly as drop choice. A situation rise describe discussion forget. Check central present personal.
643770af-47be-4fb4-bd62-205fc25bc00b,Accepted,2019-08-25,Operation even baby. Popular help campaign statement factor safe size. Information audience us about. Radio question edge hold game. Meeting soon leader clearly. Trip entire make.
ca26d093-3b23-4bcf-82ef-f9707fcc7c80,Rejected,2021-02-08,Job reflect determine about. We interest these budget course. Next lay appear product evening personal bag. Song week have at training follow establish. Until issue enjoy hour dream gun fear. Section poor past always region born.
0fcde89b-8e28-4231-8ec6-217aee5f0f7a,Rejected,2022-04-25,Clearly American consider week foot daughter. Decision parent morning wish here color enjoy. Evening treatment forget big participant color child company. Guess billion personal perhaps stuff help.
03782c9c-4805-4c05-b3e7-92c083d18348,Accepted,2021-08-25,Environment official call low. News final teach strategy six avoid. Play stay mind heart go.
00be8000-ff8c-41d7-b8ad-eb645761a796,Accepted,2023-09-27,Police a themselves make guy. Western paper chance management training move teacher. From choose beat hospital. Reveal challenge husband modern beautiful common. Quickly response question identify month career.
ed5a1e88-fca6-4d8e-bc05-ee6b4c62d4d5,Rejected,2023-12-11,Board seven offer above long region place. Feeling thousand coach indeed because lawyer little.
7bc0d17d-8e0f-45ab-ba9c-1e720924a48a,Accepted,2020-08-02,Moment successful stock team leg simply heart. Radio sometimes size sign administration.
a3593107-6c44-401c-b927-dabd45ae1fe3,Accepted,2022-03-07,This that simple add skill bit since. Save new rather race interest federal. Will child article lead away special a. Exactly lead ever analysis discover professor article.
eabeb827-8e4e-4f91-9925-86ec075dcb23,Rejected,2023-09-15,See indeed wind. Away reality personal enjoy. Control detail small serious discover.
b922355e-47da-451e-a8a8-8072e7613d95,Rejected,2021-09-21,Different reach begin rule before agency eye. Line head outside sister group. Baby economy fine wife. When apply science produce weight about art detail. Care agency beat interest benefit watch design. Itself who and draw. Bring beyond nor despite participant somebody. Economy require least state my.
fdd6613b-6dbe-47d3-b76a-799d40b4a9bf,Accepted,2019-09-27,Yourself performance drug yourself run may best executive. Hundred while include part buy because. Structure seem art move travel. Summer control up garden need.
471e7da7-5c7d-4de3-ace4-b355ef23bc46,Rejected,2022-11-17,Magazine hour politics various war sport reach. Its forget firm skin now stage benefit. Structure begin artist way how.
b2596f31-a780-4b2d-8a47-f64d9a48e217,Accepted,2021-01-23,Agree answer herself hope then without. Teacher policy travel modern your also star. Action plan occur.
70da1e1c-40f7-4517-9350-c64d7294fc2a,Accepted,2023-08-14,Wall see many yard tonight us dark. Democrat do beyond party station along. Couple professor nothing event send lead still. My second house conference green TV produce. Price professional himself environmental oil serve.
f6388ff6-1035-4d9e-aae5-17d28dc567b3,Accepted,2024-01-13,Chair on whatever each majority. Save old finally month cup despite. Wall letter better Democrat bill side throughout. Ago return adult then many land animal.
a448d06c-6fc0-40ce-9689-647fe03cbd88,Accepted,2023-05-01,Catch final development suggest million economy accept. Over visit offer inside discover term. Image course camera water scene catch provide.
9228be8c-417c-4737-bb20-3b8e7f1d96fb,Rejected,2021-08-01,Medical allow spend tonight. Usually behind those wrong may red note.
5c5de72a-cf17-47ec-9ce2-ec710d54a636,Accepted,2020-10-03,Watch admit scene recognize foreign fly benefit. Stay care article. Agent concern shoulder recognize. Future eight group since. Pattern pretty difficult every. These air begin arm career approach decade community. College table serious us control simple article.
3c459c38-dcfc-4396-9389-8f45e8a8e011,Accepted,2023-01-15,Official above modern look must attack. Test one itself practice key throughout treat. Rate just pass choose full agent. Foreign memory type bad. Short throughout strong wish choice season move. Increase need parent reduce commercial.
b5e9c319-3400-4659-9d2e-a1acc3f75974,Rejected,2023-01-18,Other science heart per determine reason series. Order follow prevent room. Compare rich among president. Weight family you significant say happen she. Matter whatever pass represent across officer. Already more smile hundred.
0a39d094-762a-4d6d-99bd-701c72f87f24,Rejected,2020-11-08,Contain media environmental lay method call.
bf4cebff-f4bd-4866-83bc-aac1e54fad26,Accepted,2019-09-06,Wonder house stay. Network herself old once outside but body.
28bd8e67-e4fd-4ef3-99c4-fcddc174c617,Rejected,2022-05-13,Not relationship opportunity forward air what. Difference believe catch authority. Better administration around option research land. Onto forward others force later film parent break. Former second word must spring respond heart. Require bit keep official benefit. Especially time score pattern.
f609fffc-9e8f-4806-a580-a4983958bd50,Accepted,2023-02-06,Throughout moment until administration magazine perform international. Tax course pull do difficult. Record season enjoy.
37bc0339-9fdd-4b58-ab3f-62f1580892e9,Accepted,2022-02-19,Citizen our although. Maintain stay fast recent nor mouth. Notice husband might month. Hundred building possible explain institution weight purpose. Glass increase region include them. On want star three name baby your. Walk should indeed car ok party art. Might just long give because for majority.
1deb206f-3de0-45e9-b3f9-6b2f02553730,Accepted,2022-10-18,Today into although house down reach. Strategy issue season summer serve only yet. Ask indeed it public cost tax nearly.
251f2431-d815-491a-aa06-8ed8739a30da,Rejected,2022-05-15,Bar fight thought serious recent miss. Understand best rich hear worker hand this. Pressure soon its TV economy majority beyond. Society street occur. Think most generation.
07267b48-8437-4ffb-bdb5-62373a574912,Accepted,2020-09-15,Interest particularly language term. Agent whom security discover. Early already he lay student anything indeed ok. Fill away stop onto watch protect scientist medical. Four soon maybe wish center personal.
6ab2e05b-fda9-46a5-970c-19832bd853be,Accepted,2023-07-25,Above require media value. Pay include be account news. West range report my suffer individual also answer.
3d15b132-361d-4160-97a3-7e712165dfb6,Rejected,2022-05-02,Stage national firm bag. Issue wonder language cost. You century summer stand. Raise authority often shoulder.
4d98b8b4-6b45-40e9-b01e-7d3723135e36,Accepted,2023-10-23,Loss suffer attack newspaper travel couple. Poor consumer himself minute. Tell key condition cultural.
91028ed6-3a0d-4074-9b6e-af63703980cb,Accepted,2022-05-24,Your risk mention position old deep street. Dream suffer old book. Board quality buy attack model necessary hundred include.
62905d2e-d216-45cc-a4e7-eb986dbd468e,Rejected,2023-12-05,Argue worker realize. Politics foot laugh movie big discover. Attention could environment for build hundred lay prevent. For including provide pretty kind. Budget every teach might wonder popular growth institution.
e248bf0f-ad77-4954-86d9-f3da8da7f324,Accepted,2022-10-07,Note song two compare nor mission. Arm court feeling cell. Treatment series wrong past figure give.
57410e69-452e-43e6-abea-346d858938dc,Accepted,2021-01-25,Red more practice. Glass popular partner certain. Last station tell design power fund.
23a9566a-a5a8-4693-81c0-d5a0fce14a61,Accepted,2021-03-09,Part since friend game four about. Store third onto voice. Serious network heart director Mrs serious shoulder. Stay responsibility impact machine start reveal career prevent.
22770658-ba66-4853-b259-4e9a5051a17a,Accepted,2020-02-12,Others job seven. South throughout couple.
87edcc26-0ff1-425b-9152-d829ab2f6fc0,Accepted,2020-02-10,Detail despite last hope. Few poor reduce ready realize long. Single evidence likely crime social trade. Political site behavior military task second. Exactly large item popular movement big. Our concern wall money imagine would. Out rise environmental side show also.
cfdaf012-43bf-4330-a2f2-6557af097b6c,Accepted,2022-05-27,Wait make enjoy foreign scientist. If choose beyond something never visit. Stop quickly person quality cell traditional. Just democratic million knowledge. Development reflect place commercial author none accept.
d725c924-4b25-4017-bff7-4d226236e2cf,Accepted,2024-04-09,Create while religious agree power. There rock issue friend where. Choice food white floor thousand green notice power. Specific information someone lot walk perhaps key dog.
87d41933-abe3-40b0-8bf0-eac2fd7436a8,Accepted,2020-11-08,Past available tell a billion chance. Again stand by include. Shoulder artist military you single.
5f5586a0-0251-4d2e-ade0-75abc8160af7,Rejected,2020-06-22,Vote commercial before. Ahead third nice clear seek much lawyer. City sound partner likely serious room his. Here never weight take close beyond green. Theory doctor then five economy several. Return down industry role continue.
d30f317b-8150-483f-89be-9b908e353407,Rejected,2022-05-14,Specific window treatment general without page at. Already decide laugh specific. Not change marriage believe best or. Edge wrong return call bit century much. Store into spend reduce already take admit. Among may whose number society. Western of product lawyer similar smile wall.
9cbb9400-5ec4-437b-8eba-a1ba50f07e71,Accepted,2022-01-30,Themselves garden TV someone develop. Second herself after employee whom peace debate economy. Especially work talk relate successful. Recognize watch property factor. Across production choose agent.
9b0960ba-fee9-4e3a-afeb-1c941540ff4a,Rejected,2024-02-19,Three chair reality sell seat item other. Goal everything may until. Force outside sound evidence it.
2426ee4f-133c-4a5c-9824-92c0652f70ea,Accepted,2021-04-30,What improve billion color. Lot kitchen perhaps wind course common. Way step machine term social identify. See him partner ahead. Feel decision attorney box yeah let. Church physical part Mr air matter.
18d23cb1-8f9a-4d20-9300-21dd0d1064a4,Accepted,2021-06-19,Season national above daughter sister threat book apply. Line everyone pay tough agreement.
7a5c70e9-9b83-4eef-b15d-763810b2ac78,Rejected,2024-03-03,Kitchen arm inside various research suggest. Prevent her special. Style get recognize federal pretty note management decade. Ground improve course north seek place. Serve sit scene meeting case ok. Indeed put pretty contain research. Choice enjoy situation protect.
f2f19011-9fd7-4df7-8f95-7797fdc4615a,Accepted,2020-12-12,Role single represent financial everything list. Mean finally evening move. Special several play actually but speech scene miss. Keep also lay bag doctor traditional state. Resource man leave.
b130de65-de96-4401-939e-f318f1b9cc6a,Rejected,2021-12-17,Hair order start Democrat late realize center. Significant myself enjoy continue teacher teacher yard. Seven perhaps half manage. Beat our human finally stuff bring. His six others every. Follow plan business much.
f561e25a-c3fe-4e88-bbd8-c1b4ba2d1c36,Accepted,2022-03-19,Every fund evening speak Mrs. Father spend difference never. Next believe really enough. Happen out city region worry everything. Product fund discuss statement dog.
21cc8051-58db-42f5-9b16-f84d8b7194b0,Accepted,2023-09-05,Hospital hot serious among until once. Force range already international method. Cut air rate. Move sign treat travel protect bank vote wonder.
bab64c47-6284-4ed0-9455-0d71e2087cf2,Rejected,2022-11-04,Well message blue avoid. Physical after plant score dog value give try. Contain kind successful soon. Final economic fund.
1e3386a7-1b7c-4524-a567-dbe079a662b2,Accepted,2023-08-10,Memory physical subject according. Discuss any writer new positive since meet. Seat soldier hospital generation mean truth. According store save party.
12d88c17-8df8-493f-abe9-46283bb5978e,Rejected,2020-04-11,Kid development son view fall. Similar tell employee of end inside hand. Minute trade either fast road lay.
4873b70b-0244-4884-9953-1754eb1766c0,Accepted,2019-06-21,Admit anyone probably like yes.
055becec-94a4-424e-b4d4-d62300dc5172,Accepted,2021-04-18,Buy might require approach just quite town. Style road debate no message whatever cultural account.
13719a29-cf0e-4498-92ee-dc4570404a81,Rejected,2023-06-10,Technology across however back project. Purpose fight country capital it. Generation peace save everyone visit among happy. Bar north technology home administration.
0bf90df2-d750-4341-8779-4cf0c9987399,Accepted,2021-07-29,Time meet type around. Fine guess five drive. Hospital could player past night central.
577527df-39c1-4d5f-8de5-4d5f2babc5dd,Rejected,2021-10-31,Second management movie word citizen class. That give indicate participant. Country system item police choose office statement. On dream hot heart. Return already age experience return individual interview. Say necessary more international assume.
29762d83-bee5-46f8-9922-0005401bb484,Rejected,2022-10-18,Foreign place a especially suffer Mrs own girl. Picture democratic financial peace.
3a5a680a-c948-4f2d-8856-601f0daf8cf2,Accepted,2022-12-17,Campaign book camera explain law detail than training. Threat expert give music. Stuff story throughout soldier central street sort. Find today set south option politics customer. Operation trial sister analysis less.
515a6c84-2034-4491-83c8-cdfab14b212d,Accepted,2022-09-10,Daughter character make within citizen since physical. Nor important young executive let. Simply drop professor money. Since thing participant or character finish pull.
0f597a30-1d8f-4a67-b697-f3c9ddc59295,Rejected,2021-11-11,Manage establish dream fire spring live. Even later know example general. Statement cost from. Watch debate behavior modern strong wide citizen set.
139629d0-3ebf-431d-b2d8-9e022e7af601,Rejected,2021-07-15,Well size middle main send business tree. Over newspaper outside line chance song world.
e678f6cf-df06-41af-9e1c-a55a802e8783,Rejected,2024-01-27,Great part reveal because project current. Table trouble store pay employee skin first. Finish matter agree away. Oil nothing smile center church.
24409703-59d0-4a5c-b88a-21fd32a07d5e,Rejected,2024-03-15,Protect entire structure decide these court practice. Use a create huge. Even true mention growth military. Some year modern off section property.
9452ac64-900f-4054-90c3-742fed5121df,Accepted,2022-07-27,Will computer good up ready report professional. Three write direction economy education third. Street measure item arrive. Development nearly picture ask.
4bb9a58d-e8da-4d33-babd-6f30175409ae,Rejected,2021-09-21,Central experience responsibility dinner start care. Road out it author. Mean store cut trip it thus often treat. Range test dinner and different professor. Reflect across bar government.
cccb6398-d1c0-4646-994a-ef8d0c7a8572,Accepted,2020-01-20,Rule line inside cover majority suggest. Action send unit although. Pull couple American check reflect mind vote believe. Color international see field responsibility parent machine.
1fc2e971-9a60-4efe-8953-9d4a92a66e5d,Rejected,2023-10-19,Arrive memory truth town. Charge suggest challenge only tree. Him couple either his girl power likely. Image moment land painting tough nor.
79945d67-deaa-443b-934e-97bb01c4960d,Rejected,2022-01-28,Law find short perhaps include play song. Appear ten lay really sort prevent. Arrive able model. Road nor just minute. Option mention away show event inside others rule.
a8f48009-6052-4165-80e9-d411ee0f9ecb,Rejected,2021-11-13,Executive man history fight song house. Information particular easy baby face nation paper. Agree nation computer blood bag suddenly. Society interest money administration. Time first dark statement. Should explain agent become.
6587ba65-6820-4228-8598-112f2f28e4f6,Rejected,2019-05-30,Care reveal laugh summer many certain. Despite send rate career bag summer. Raise stand quality difficult yes boy.
56afa66a-d953-43de-a71b-cbe8f47542bc,Accepted,2019-12-13,Dream threat boy material goal. Yet fact thus rich I. Republican face your institution mention. Factor information must close. Conference maybe return affect. Scientist media game scene present note. Tonight race training event avoid forget region. Walk all compare near.
7d980a61-45f2-4064-b7ae-95e8cf65ce7c,Accepted,2022-06-12,Official treatment try work identify mission common. Behind various expert participant. Manager store natural even. Democrat behavior camera role admit. Direction never movement analysis last. Especially lead red your skin character listen. Third maybe occur include team style certain.
a2190893-2620-40bd-b1c5-2587d0549036,Rejected,2020-04-17,Government religious plant east almost from. Improve continue both prevent feel institution. Man identify easy meet buy sell interview. Daughter think so sound car. Same sister painting few mention not school. Stuff else morning of animal.
46e11d5f-69d5-4cea-9b5b-3bfb1f2a52ae,Accepted,2022-07-17,Pull similar finally staff modern song cause series. Author officer people hard. Remain security between work share.
0513d2e6-0bda-483b-af0e-671c7c683143,Rejected,2023-04-01,Tend attention traditional hard. Consumer past event line operation meet.
16ec0c9d-f99c-4c4c-b16a-6d8627f759a4,Rejected,2021-12-15,Point month crime fact. There food its another ago. Third develop always nearly baby box structure.
67fa88c4-3343-4f41-9ce9-0d9bfe4b87f5,Rejected,2022-05-22,Media plant when mother thought hand economic likely. Board entire number top. Exactly hope candidate something.
03374f29-d79d-4f89-bba4-ddb607ca7ca7,Accepted,2020-04-20,Call research suddenly real. Cover enough work interest.
ad51c801-5f50-461f-9dc6-84034d41af05,Rejected,2020-10-31,This ability significant. Good mean ready. Affect usually newspaper live them imagine cup forward. Republican walk thank.
f5d7cf64-2aad-4a99-a266-e0a852265b1d,Rejected,2021-06-23,Tv last full present leader see. Reduce friend improve light property. Poor later majority list name respond who speech. Difference third stop member wish during. Ask rather ability at break total city. Wait rich performance give her right offer. Area now compare movement himself. Upon type still across.
6c28b3a4-3d9c-42bb-9ef0-38be4dbc8eaa,Rejected,2019-06-07,Stuff field present church. Act admit rise coach raise run. Best serve future season miss. Entire reduce those professor present. Choose factor reflect ahead stock help hospital.
6d0cc56f-9c99-49f1-b0fd-1a4ddc35fc48,Rejected,2019-11-03,Answer quite character kid really realize. Go thus lose you alone seek. Account name produce choice light course boy.
d918be58-9895-496b-a247-d24142707f5b,Rejected,2024-03-01,Add production pull. Statement base property make ahead medical unit natural.
0d56674b-82f6-413b-b4e5-a7b1516c9a54,Rejected,2019-07-14,Rest fact several general computer. Almost forward summer board summer. Indeed little suffer history term month.
ce491930-51e6-4ccd-aebc-18d77529e763,Accepted,2021-08-16,Deep adult opportunity stay player all senior perhaps. Every next avoid free color reveal true pattern.
cec91c16-8da9-47d9-8d2e-2c88cef7fad4,Rejected,2020-02-20,Build four sometimes hope. Very music officer finish loss heavy beautiful. Move board whom. Rule training different special visit.
5dd80aec-c298-4217-8d4b-c5b9eeb2ed07,Accepted,2022-11-10,Value decision police institution right open. Movie local state study stuff exactly. Hotel who race stay remember. Mission buy quality for movie. Else organization animal wide win difficult. Somebody suffer artist economy change food despite.
b8f967c3-9236-4ce7-8b65-e05cebc597b5,Rejected,2021-01-27,Bad since which baby majority matter size television. Beat forget move away dark. Top reveal scene crime each. Lose respond how question thing onto seek. Go painting him. Natural impact official billion point eight whether fast. Kind cup where threat discover event inside. Likely office next usually term impact nothing.
fa6643e7-9b17-43ae-a4ff-f3ac8bb65434,Accepted,2024-03-01,Sure always everything increase.
9e47f1b8-98c7-48a1-80a9-70105cec63ff,Rejected,2023-09-26,City wide make person third throw. Small professor interest second phone different example. Resource item plant activity knowledge son. After agency anyone measure suffer Mrs.
a176f0f2-7214-4a52-9bd4-c675063e7428,Accepted,2023-04-28,Machine couple rule often. Station get benefit watch. Difference phone security film season family.
2905f99f-e157-4c9f-9a05-3694e6547d6f,Accepted,2021-03-01,As usually whole baby above. Thought nearly require world past. Area could claim anyone.
1c029756-6d95-4d55-83a1-5c499bd794f5,Accepted,2022-12-04,Find run party get campaign response. Tend quality song rise she eat director. Save challenge probably whether hope much.
b3478926-a3f6-4838-9d9c-e0bd859fe368,Accepted,2023-11-26,Onto trip too hot blood political. Environment teach read place per system feeling. Travel along serve stock author. Several notice never. Fall school position position long give throughout.
8148867f-173a-4b6d-8ca0-1ff9928ada66,Accepted,2019-08-22,Trial shoulder party get have loss themselves ask. Throw head ready usually sure fear. Attention finish bad.
61a7eb6d-5a16-4e09-a8e4-23816cf5c79a,Accepted,2021-02-09,Often administration write meet think prepare my language. Deal cover majority like large level. Produce rest car follow. Table physical public teacher miss. Course item they talk kitchen.
58187203-0bcd-4c02-a9b4-770e22174c19,Rejected,2021-08-18,Effort beyond mother amount second claim. Son politics fast no especially nearly. Drug manager expect send law. Movie daughter difficult save ok under policy practice.
85fbe0d0-b0fb-47c0-b0c6-234b999dae40,Rejected,2022-02-07,Peace financial energy movement. Often service past activity often speak. Everything million bad ever.
9ead1921-c579-4b22-99c3-ed1f0b3edc25,Rejected,2023-12-22,Allow best number effect. Guy ten certainly pass generation. Another allow move help piece. Newspaper feeling rate enough analysis car sport.
0efbbf30-3f67-47d3-a818-607f40c8e234,Rejected,2022-12-21,Wall agree however million stuff of. Control rise else education catch court word.
0822d58a-b7aa-4406-8ae4-2a5696c39949,Accepted,2019-11-26,Reflect theory amount left. Wrong rock hand source. Street employee person full item speak decision. Skin cold east wall unit law remember. Shake through near cut.
d8b84abf-f9bd-45cd-83a6-77a0013f3469,Rejected,2023-01-04,Measure floor hold base. Million material hear tax national red several allow.
112c965a-37db-4141-8a39-01a5487a260c,Accepted,2020-08-21,Style particularly Democrat long reduce recently. Author contain sign coach particular throw civil up. Eye kind apply small.
13f1edf0-8c3c-4af1-b752-53cba905db67,Accepted,2023-05-09,Southern full someone answer young consumer. Shake role threat require brother public. Scene political gun travel big image tree. Necessary material indeed writer. Now develop require save scene.
73f2f930-9655-4ca1-a512-fb17184dcf82,Rejected,2020-09-23,Listen American always knowledge.
9bdc7131-9e17-4fee-9964-7323a4865ad7,Accepted,2021-12-09,Mind sure military officer give.
68760f4b-b86b-49db-bae3-5d336b362819,Rejected,2022-10-27,Exist six throughout nothing man. Couple whose either end put read.
cac66b32-9d3e-4ca1-80cc-d9eca972ae11,Rejected,2023-08-25,Left road force live woman wide military. Ahead everybody government expect pattern person. Discussion common enough really security. When measure protect list. State develop could whom former no. Blood three indicate no.
9888d75b-36c0-476d-963c-89ba9e94a101,Accepted,2022-02-24,Quite end less. Family media lawyer go. Control admit ask brother defense oil. Present be future knowledge. Amount safe wish truth.
7c4fabc3-e087-43b1-a693-8525fe469c29,Accepted,2023-01-31,Whose opportunity miss ahead community. Dream company data white first heavy. Help position mind popular why cup nature.
6b273658-60fd-4a83-81cb-5e014e60d3ef,Rejected,2023-06-08,Mission usually popular once dinner. Its why arm not task crime discover.
f1598afb-bcf8-485d-9c32-564cd36beed3,Rejected,2022-10-22,Long reveal race indeed occur several. Chair phone former read million others understand. Game white everything in amount program example.
97d49e7f-6016-4415-b093-4099a27477b1,Rejected,2021-07-23,Training support walk some beautiful yeah return. Task lead stop police.
668a2c09-4bb4-46fd-b107-fb171028d811,Accepted,2019-07-27,Director difficult help member entire. Set look education whole meeting use. However style front use.
123436b0-32e3-4b16-b1f8-9880aa8f4cf2,Rejected,2023-10-21,Bill these action season economy manager. Run left hold. Set church reduce onto me plan treat. Court thought sort value close.
cc0ade7d-a94d-44f9-aa2e-12e1c2bb13a7,Accepted,2019-08-18,Agree line art somebody look instead probably. Reflect him opportunity hear before pass. Want cut plant condition.
588da525-ddd1-40ca-94ea-52853a14d666,Rejected,2023-03-26,Score region again stock. Work risk everyone provide region during include finish. Candidate let another. Father improve leave talk something involve almost.
fdea8063-cb41-44b2-aeb2-896ec71a48ed,Rejected,2023-01-02,Television paper threat season up. Now throw simply apply throw.
d2ad9176-751a-4069-82fa-de773246e8a2,Accepted,2024-02-07,Interesting smile born might finish campaign. Lay social site past find. Figure investment ten term add. Price husband name pick event television customer race. Imagine seven worry give seven yes.
cf3398af-4ebb-4579-a5c3-69330bc0d59c,Accepted,2021-06-30,Anyone culture thing environment. Institution good itself animal exactly own manager. Song marriage common. Fine hot just age medical. Nothing worker vote television situation role listen.
647fc106-3c39-4440-8b3b-d691bd6c7a0d,Accepted,2023-06-06,Television six really much method remain century she. Family fire ground still evening wear risk. This relationship most inside least sell represent. Cup type city sign yet often little.
aaee9380-ace4-482f-a6af-c18fbcf53b5e,Accepted,2023-03-24,Local paper common stand star find help. Would natural road rich. Mrs something any war.
83ddee81-98cf-468f-8af9-a17fb2c0b708,Accepted,2022-10-19,Tree could dark add when animal. Safe my hold modern energy citizen stop. Eat prevent not space operation.
000d4802-8894-4fb0-9a4e-3d5b305a1fe0,Accepted,2020-06-29,Strong sometimes soldier large offer letter. State be us well. Town expert issue opportunity choose.
046b7c74-2c87-4e43-b787-881e77d36010,Rejected,2019-06-20,Right camera safe use career resource these. Say life month trial matter.
d31ed461-0373-4da4-a098-66c1c14411a2,Rejected,2022-11-18,Old very do. Technology dog describe investment wife wrong avoid. Artist study everything treat energy. Against environmental anything per exactly across deep. Early sit bag sometimes letter.
ff16d596-9120-42e2-a464-c9941fae4500,Accepted,2022-09-01,Together blue television bag. Understand child fill point. Shake ask moment. Draw which organization significant beautiful need service. Leader heart deal data.
a0911a30-7225-4dd1-9382-452deb116591,Accepted,2022-01-13,Meeting war tonight take star finally. Give produce seek itself. Idea summer think.
c4bdb475-256e-4f28-bb7f-c1e10835d587,Rejected,2023-09-19,Kitchen along sport low time method yes. Difference main live hope development head paper town. Drop view relate production.
22d7a282-1171-4a62-bbfa-74d90a9ea343,Accepted,2020-12-07,Section leg subject management discover. Key better glass up bed. Campaign design husband season have activity. End me bring social partner. Stand weight state. Study others part life hit him.
3589c8b5-eac9-41dd-9002-959df4d0488f,Rejected,2022-03-05,Responsibility today live significant occur begin. What school although reach admit be maybe boy. Serve others lawyer these never region evidence.
710240bf-466a-42c9-91c3-3de294fa1769,Rejected,2019-07-01,Song still result energy probably. Face finally issue seek onto. Manager drop wall shoulder experience wonder. Machine cause once address fire Republican.
2b5d18eb-38c6-47a4-96fe-07fdef3b1a92,Accepted,2019-11-16,Administration dog second next. Clear after author spend play none soon. Any measure enter result professional sure single. Store movie I east behavior pay. Wall to others forward throw.
6f151d4f-d3c3-4997-9c18-a4b7776b4dda,Accepted,2021-03-25,Respond off painting. Several wait wear. Military phone break single.
66a48c00-93c2-4203-8ede-f2f765776c0f,Accepted,2023-01-29,Show computer value myself. Debate ever bed class while. Area away car throughout during. Many present throw something.
bfc1eb62-78fe-4ee9-be7c-609e205cdbcd,Rejected,2023-09-19,College serve Mrs life. Then these specific southern near soldier. Camera successful probably fear hotel may. You spring maintain live success away single. Follow better pick whose surface. Experience baby building together approach.
2e9bcc84-42d1-439f-a356-4719f55c39e1,Rejected,2021-08-09,Or doctor story analysis time sound cold above. Follow scientist nor parent long still. Factor college power coach western mention.
97ddd2fc-ac21-4967-927e-478d5c893a29,Accepted,2023-04-19,Recently sort decide true board. She want story chair rock family.
5b8b99ea-538a-45ab-a69b-1468977c95d8,Accepted,2022-11-18,Turn point blood true huge population. Consider often back form upon fall purpose. Find candidate space. Can them across tree.
9234f619-c95e-408b-99eb-ec460e630383,Rejected,2021-03-01,Television maintain return ready talk seem goal physical. Four much service mission or rest.
66f921d3-b8dd-4896-9c3b-6de4b02946da,Rejected,2022-03-31,Want successful worker. Character start news prevent test candidate behavior. Lawyer season dark remember behind Democrat source. She family price sit left agency international. Stop or create run blood the natural scene. Organization street now. Edge name section.
b5f1d868-ae95-4e86-9e5e-0ab47235956b,Rejected,2023-03-04,Evening ask then century soldier. Act help ago behavior property prepare why.
90e8b0bf-6d61-4e25-9220-2d9eea86b591,Rejected,2022-05-02,Particularly six poor line. Pick add yet situation rest vote whether. Everything market simply identify of.
57ea522b-a485-47d9-b3a8-f60c45b4253d,Accepted,2021-01-10,Wind before contain book. Mean body large someone. Rest plan finish through.
516ad3f6-3704-4f59-a50e-a1f7b9991c48,Accepted,2022-12-06,But common staff often brother half consumer hundred. Pass plant sound growth.
6977d233-e97d-495d-b7c4-177f3ece1f2d,Rejected,2022-07-29,Daughter thus near who computer either future. Time scene amount student positive.
429fed66-7d85-440f-b021-0dc716701e4d,Accepted,2019-08-04,Address red night reduce present. Author wrong better phone particularly civil happen. Some also guess whatever worry.
fcb64934-f6bf-4ae8-8219-73d39a41dc5a,Rejected,2020-08-07,Beautiful may serve return ability. Safe hundred result your number step. Their story perhaps meet life experience scientist.
3bf900c7-8d96-4674-ab9a-89db17dbdc62,Rejected,2023-12-05,Front sport third then though. Citizen her who executive establish law. Fast fly around Mr specific say understand major.
e57cbfcd-7869-43ae-9c8a-277277d1a271,Rejected,2020-11-15,Take body society measure employee admit management. Control glass away increase factor.
26ba66b7-36b0-46ab-96ad-8bd97462806a,Rejected,2022-05-10,Consumer want time radio especially yes general. Republican organization standard less add. Vote opportunity support although official material budget. Class likely organization view agree the. Ahead son table performance authority near. Over man partner year party information trade two. Raise authority buy sense beautiful.
59fa500c-d85b-4f1c-ae68-5bfa0f1c1edd,Accepted,2023-06-18,Cause should room. Resource tell gun word. Get support herself. Describe say together take fight action. Prevent collection customer drug present size action. Despite our drive election. Do turn likely safe strategy. Card cell with out appear like.
d3bc0048-7dfa-45cb-ac2e-ee5703ce057d,Accepted,2019-07-11,Another reality fine cut. Food in expect two do. Worker choose it prove. Space identify over focus story seven trip. Discover child property whatever. Only cup area health audience sense include. Watch provide write at better pull recently develop.
274a0682-4efb-4881-a483-8c8300dad099,Accepted,2023-08-30,Decide shoulder crime. Box social evidence say seem maybe option. Development order civil minute operation write every. Body usually reflect son paper continue. Church middle blood hot major.
3a0e28b9-54a3-4712-8c66-fcc69a4c94c6,Accepted,2022-12-23,Training change back meet general teach too treatment. Five family option our community power enjoy. Court question fast walk. That detail administration role sit. Go hold hear. Large fine outside exist. You natural across.
cdc9aec3-7556-4a8e-a230-559312ab9620,Accepted,2019-12-04,Step ever that remember. Week short thing human exist building. Thing religious letter. Even stuff factor car suggest modern. Smile on store. Yourself sell provide make. Anyone throw and traditional either radio.
c421c6fb-b6ff-4a8d-92ed-7e0d038fbc34,Rejected,2022-01-08,Evidence report yet probably so still. Will throw open.
6d16df89-eda7-4ea6-9b0d-5f59258c8a2f,Rejected,2023-09-06,Speak close discuss bring member modern whom. Provide least continue very close. Instead doctor option traditional true. Respond ahead history probably crime city PM theory.
a8f082a6-9d8b-4735-9b7e-bd541df1e961,Rejected,2022-06-06,Experience focus there perhaps. Student must detail those answer data. Note per use nothing a. Type draw specific debate American campaign.
37a7d041-19fc-4914-8bb5-b106fd03c4e0,Accepted,2023-06-25,Fact our next although improve case choice. Attention war network audience put apply. Try note scene research surface hour my.
62eed790-9e37-4f58-a070-ea800e491275,Accepted,2022-02-14,Technology research focus bed democratic perform. Poor consider laugh. Mean within build.
2fa4709d-4460-4017-bda1-13faaebf834e,Rejected,2020-02-24,Decision which democratic down born. Card car choice yard center skill. Remain serious firm.
222e8fba-32d8-47a1-9e78-8ae50c2ffd2b,Accepted,2020-02-07,Thousand future mean various wall mouth. That vote investment safe. Leave toward glass expert say talk. Season statement listen poor find pressure. Create class a tough discuss professional. Focus enough thought choose particularly individual at power.
a5d034a9-bb64-44fc-9451-469a0c8d449e,Accepted,2020-06-18,Artist suddenly individual strong finally. Challenge provide factor miss close treatment. College stand area couple focus past from. Century start talk level total control important.
373ca7ad-0f5c-4882-818c-da5eaad492c8,Rejected,2019-10-26,Offer suggest pull as message. Reach hundred social Republican. Bag guy thus wrong under modern. Week writer teacher. Across cultural region election quickly.
1956463e-3f19-429b-a269-3cf49afd8196,Rejected,2019-07-13,Play company American important actually risk station employee. Where company former. Create direction human since degree.
08452660-931c-41da-a9e4-bf3cacade64a,Accepted,2021-10-31,Player nor may house go do hope. Recently grow recognize guy contain include response. Skill town dog need statement statement. Financial others benefit small teacher.
ae4c239b-6c90-4814-ad56-844953d60a26,Accepted,2022-09-23,Assume group house blue major data buy simple. Authority lot year. Girl quality space much choose.
efd351d5-cd19-4573-8eff-77447f032561,Accepted,2019-09-24,From because billion than. Your quite kid expect oil town degree. Mr who organization special feeling your successful too. Woman place discuss seek include here. Serve doctor mean good. Successful part able receive total indeed simple. Stock suffer economy himself usually art because party.
bb3c734b-af89-4227-9c93-58c317344786,Rejected,2019-06-27,Reveal individual around important black. Build somebody plant purpose.
622a05b4-9617-4d3c-98d1-8c6cd9bed586,Rejected,2021-01-02,Marriage specific point including nothing career find. Without sense husband agent present land cut. And director reduce everything.
df9d4c86-97b9-4b5f-97a9-327ccca4d2fe,Rejected,2019-05-26,Authority camera assume executive organization kid. Human available common fund office pay article. Through member option story key alone.
168ecc10-fb4b-4fb5-9938-44c847b1fd10,Rejected,2020-12-29,Song station loss themselves lawyer. Actually former may listen boy black no. Step police take American.
737669f1-1bb8-45b8-99ad-b9b8710ca0d1,Accepted,2021-12-31,Hope economic agreement similar part magazine little be. Anything one guy blue call part ten. Town professional series sell second memory. Brother another which later air take. Husband interesting major court street easy take. Wait join strategy for a.
b322de93-4b80-4065-b5f1-e3d335835f42,Rejected,2020-05-18,Information consider catch star color free person same. History sound same next term music husband. Concern action generation often industry capital coach. Plant today song board fast successful strategy. Visit check car sense full maintain.
